{"name":"data-ny-gov_mw8j-wduf","title":"Recommended Fishing Lakes and Ponds","description":"This data displays the locations of top lakes and ponds for fishing in New York State, as determined by fisheries ...\n\nThis data displays the locations of top lakes and ponds for fishing in New York State, as determined by fisheries biologists working for the New York State Department of Environmental Conservation. Although every effort has been made to ensure the accuracy of information, errors may be reflected in the data supplied. The user must be aware of data conditions and bear responsibility for the appropriate use of the information with respect to possible errors, original map scale, collection methodology, currency of data, and other conditions.\n\nSource: https://data.ny.gov/d/mw8j-wduf  \nLast updated at https://data.ny.gov/data.json : 2019-06-10  \nBefore using the data, download the Terms of Service, https://data.ny.gov/download/77gx-ii52/application/pdf, to read the data license requirements.","homepage":"https://data.world/data-ny-gov/mw8j-wduf","license":"Other","resources":[{"name":"recommended_fishing_lakes_and_ponds_1","schema":{"fields":[{"name":"waterbody_name","title":"Waterbody Name","type":"string","rdfType":"http://www.w3.org/2001/XMLSchema#string","dwSourceId":"waterbody_name"},{"name":"acres_mile","title":"Acres_Mile","type":"number","rdfType":"http://www.w3.org/2001/XMLSchema#decimal","dwSourceId":"acres_mile"},{"name":"boat_launch_type","title":"Boat Launch Type","type":"string","rdfType":"http://www.w3.org/2001/XMLSchema#string","dwSourceId":"boat_launch_type"},{"name":"boat_launch_owner","title":"Boat Launch Owner","type":"string","rdfType":"http://www.w3.org/2001/XMLSchema#string","dwSourceId":"boat_launch_owner"},{"name":"amenities","title":"Amenities","type":"string","rdfType":"http://www.w3.org/2001/XMLSchema#string","dwSourceId":"amenities"},{"name":"fish_species","title":"Fish Species","type":"string","rdfType":"http://www.w3.org/2001/XMLSchema#string","dwSourceId":"fish_species"},{"name":"ice_fishing","title":"Ice Fishing","type":"string","rdfType":"http://www.w3.org/2001/XMLSchema#string","dwSourceId":"ice_fishing"},{"name":"comments","title":"Comments","type":"string","rdfType":"http://www.w3.org/2001/XMLSchema#string","dwSourceId":"comments"},{"name":"boat_launch_information","title":"Boat Launch Information","type":"string","rdfType":"http://www.w3.org/2001/XMLSchema#anyURI","dwSourceId":"boat_launch_information"},{"name":"waterbody_information","title":"Waterbody Information","type":"string","rdfType":"http://www.w3.org/2001/XMLSchema#anyURI","dwSourceId":"waterbody_information"},{"name":"contour_map_of_waterbody","title":"Contour Map of Waterbody","type":"string","rdfType":"http://www.w3.org/2001/XMLSchema#anyURI","dwSourceId":"contour_map_of_waterbody"},{"name":"special_regulations_on_waterbody","title":"Special Regulations on Waterbody","type":"string","rdfType":"http://www.w3.org/2001/XMLSchema#anyURI","dwSourceId":"special_regulations_on_waterbody"},{"name":"county","title":"County","type":"string","rdfType":"http://www.w3.org/2001/XMLSchema#string","dwSourceId":"county"},{"name":"longitude","title":"Longitude","type":"number","rdfType":"http://www.w3.org/2001/XMLSchema#decimal","dwSourceId":"longitude"},{"name":"latitude","title":"Latitude","type":"number","rdfType":"http://www.w3.org/2001/XMLSchema#decimal","dwSourceId":"latitude"},{"name":"location","title":"Location","type":"string","rdfType":"http://www.opengis.net/ont/OGC-GeoSPARQL/1.0/Point","dwSourceId":"location"},{"name":"location_2","title":" Location","type":"string","rdfType":"http://www.opengis.net/ont/OGC-GeoSPARQL/1.0/Point","dwSourceId":"location_2"}]},"path":"data/recommended_fishing_lakes_and_ponds_1.csv","format":"csv"},{"name":"original/recommended-fishing-lakes-and-ponds-1.csv","path":"original/recommended-fishing-lakes-and-ponds-1.csv","format":"csv","mediatype":"text/csv","bytes":105240}],"keywords":["lake","pond","fish","angler","recreation"]}