{"name":"data-ny-gov_jcxg-7gnm","title":"Recommended Fishing Rivers And Streams","description":"This data displays the access locations of rivers and streams for fishing in New York State, as determined by ...\n\nThis data displays the access locations of rivers and streams for fishing in New York State, as determined by fisheries biologists working for the New York State Department of Environmental Conservation. Although every effort has been made to ensure the accuracy of information, errors may be reflected in the data supplied. The user must be aware of data conditions and bear responsibility for the appropriate use of the information with respect to possible errors, original map scale, collection methodology, currency of data, and other conditions.\n\nSource: https://data.ny.gov/d/jcxg-7gnm  \nLast updated at https://data.ny.gov/data.json : 2019-06-10  \nBefore using the data, download the Terms of Service, https://data.ny.gov/download/77gx-ii52/application/pdf, to read the data license requirements.","homepage":"https://data.world/data-ny-gov/jcxg-7gnm","license":"Other","resources":[{"name":"recommended_fishing_rivers_and_streams_1","schema":{"fields":[{"name":"waterbody_name","title":"Waterbody Name","type":"string","rdfType":"http://www.w3.org/2001/XMLSchema#string","dwSourceId":"waterbody_name"},{"name":"fish_species_present_at_waterbody","title":"Fish Species Present at Waterbody","type":"string","rdfType":"http://www.w3.org/2001/XMLSchema#string","dwSourceId":"fish_species_present_at_waterbody"},{"name":"comments","title":"Comments","type":"string","rdfType":"http://www.w3.org/2001/XMLSchema#string","dwSourceId":"comments"},{"name":"special_regulations_on_waterbody","title":"Special Regulations on Waterbody","type":"string","rdfType":"http://www.w3.org/2001/XMLSchema#anyURI","dwSourceId":"special_regulations_on_waterbody"},{"name":"county","title":"County","type":"string","rdfType":"http://www.w3.org/2001/XMLSchema#string","dwSourceId":"county"},{"name":"types_of_public_access","title":"Types of Public Access","type":"string","rdfType":"http://www.w3.org/2001/XMLSchema#string","dwSourceId":"types_of_public_access"},{"name":"public_fishing_access_owner","title":"Public Fishing Access Owner","type":"string","rdfType":"http://www.w3.org/2001/XMLSchema#string","dwSourceId":"public_fishing_access_owner"},{"name":"waterbody_information","title":"Waterbody Information","type":"string","rdfType":"http://www.w3.org/2001/XMLSchema#anyURI","dwSourceId":"waterbody_information"},{"name":"longitude","title":"Longitude","type":"number","rdfType":"http://www.w3.org/2001/XMLSchema#decimal","dwSourceId":"longitude"},{"name":"latitude","title":"Latitude","type":"number","rdfType":"http://www.w3.org/2001/XMLSchema#decimal","dwSourceId":"latitude"},{"name":"location","title":"Location","type":"string","rdfType":"http://www.opengis.net/ont/OGC-GeoSPARQL/1.0/Point","dwSourceId":"location"},{"name":"location_2","title":" Location","type":"string","rdfType":"http://www.opengis.net/ont/OGC-GeoSPARQL/1.0/Point","dwSourceId":"location_2"}]},"path":"data/recommended_fishing_rivers_and_streams_1.csv","format":"csv"},{"name":"original/recommended-fishing-rivers-and-streams-1.csv","path":"original/recommended-fishing-rivers-and-streams-1.csv","format":"csv","mediatype":"text/csv","bytes":157146}],"keywords":["river","stream","fish","angler","recreation"]}